Date,Time,Strategy,Strategy_Name,Symbol,Signal,CMP,Entry,SL,T1,T2,RR,Confidence,SQI,SQI_Grade,RS,Sector,Regime,Regime_Score,Regime_Fit,Data_Quality,Status,Exit_Date,Exit_Price,Exit_Reason,PnL_Pct
2026-08-04,12:53,EMA21_Bounce,21 EMA Bounce,ICICIBANK,BUY,1454.6,1454.6,1404.29,1609.75,1860.79,8.0,55,74.6,STRONG,80.0,Financial Services,ACCUMULATION,3,CAUTION,OK,OPEN,,,,
2026-08-04,12:53,EMA21_Bounce,21 EMA Bounce,DIXON,BUY,13988.0,13988.0,13478.09,14752.86,15262.77,2.5,60,71.4,STRONG,100.0,Consumer Durables,ACCUMULATION,3,CAUTION,OK,OPEN,,,,
2026-08-04,12:53,EMA21_Bounce,21 EMA Bounce,ZYDUSLIFE,BUY,1130.0,1130.0,1102.0,1172.0,1200.0,2.5,55,66.3,STRONG,88.0,Healthcare,ACCUMULATION,3,CAUTION,OK,STOPPED,2026-08-06,1102.0,Stop Loss Hit,-2.48
2026-08-04,12:53,EMA21_Bounce,21 EMA Bounce,APOLLOHOSP,BUY,9050.0,9050.0,8692.57,9813.54,11049.04,5.6,60,65.7,STRONG,71.0,Healthcare,ACCUMULATION,3,CAUTION,OK,OPEN,,,,
2026-08-04,12:53,EMA21_Bounce,21 EMA Bounce,AUROPHARMA,BUY,1585.9,1585.9,1518.06,1687.66,1755.5,2.5,65,63.0,MODERATE,61.0,Healthcare,ACCUMULATION,3,CAUTION,OK,OPEN,,,,
2026-08-04,12:53,EMA21_Bounce,21 EMA Bounce,BOSCHLTD,BUY,41200.0,41200.0,40547.86,42485.0,42565.0,2.1,60,60.4,MODERATE,65.0,Automobile and Auto Components,ACCUMULATION,3,CAUTION,OK,TARGET,2026-08-05,42485.0,Target 1 Hit,3.12
2026-08-04,12:53,EMA21_Bounce,21 EMA Bounce,NAVINFLUOR,BUY,7629.0,7629.0,7452.2,7894.2,8071.0,2.5,65,60.1,MODERATE,65.0,Chemicals,ACCUMULATION,3,CAUTION,OK,TARGET,2026-08-06,7894.2,Target 1 Hit,3.48
2026-08-04,12:53,EMA21_Bounce,21 EMA Bounce,PFC,BUY,420.0,420.0,411.38,432.93,441.55,2.5,60,59.9,MODERATE,31.0,Financial Services,ACCUMULATION,3,CAUTION,OK,STOPPED,2026-08-10,411.38,Stop Loss Hit,-2.05
2026-08-04,12:53,EMA21_Bounce,21 EMA Bounce,SUNPHARMA,BUY,1964.0,1964.0,1930.02,2046.9,2094.89,3.9,60,58.8,MODERATE,61.0,Healthcare,ACCUMULATION,3,CAUTION,OK,STOPPED,2026-08-06,1930.02,Stop Loss Hit,-1.73
2026-08-04,12:53,EMA21_Bounce,21 EMA Bounce,GNFC,BUY,519.75,519.75,508.16,537.14,539.6,1.7,60,58.2,MODERATE,57.0,Chemicals,ACCUMULATION,3,CAUTION,OK,TARGET,2026-08-05,537.14,Target 1 Hit,3.35
2026-08-04,12:53,EMA21_Bounce,21 EMA Bounce,PETRONET,BUY,285.0,285.0,274.37,300.94,311.57,2.5,60,57.0,MODERATE,51.0,Oil Gas & Consumable Fuels,ACCUMULATION,3,CAUTION,OK,OPEN,,,,
2026-08-04,12:53,EMA21_Bounce,21 EMA Bounce,GAIL,BUY,175.0,175.0,170.94,181.09,185.15,2.5,65,56.0,MODERATE,58.0,Oil Gas & Consumable Fuels,ACCUMULATION,3,CAUTION,OK,STOPPED,2026-08-10,170.94,Stop Loss Hit,-2.32
2026-08-04,12:53,EMA21_Bounce,21 EMA Bounce,BHEL,BUY,411.95,411.95,399.79,430.19,442.35,2.5,60,53.4,MODERATE,52.0,Capital Goods,ACCUMULATION,3,CAUTION,OK,OPEN,,,,
2026-08-04,12:53,EMA21_Bounce,21 EMA Bounce,ASIANPAINT,BUY,2775.0,2775.0,2687.04,2906.94,2994.9,2.5,55,53.1,MODERATE,63.0,Consumer Durables,ACCUMULATION,3,CAUTION,OK,OPEN,,,,
2026-08-04,12:53,EMA21_Bounce,21 EMA Bounce,AUBANK,BUY,1059.0,1059.0,1017.42,1121.37,1162.95,2.5,60,46.1,WEAK,53.0,Financial Services,ACCUMULATION,3,CAUTION,OK,OPEN,,,,
2026-08-04,12:53,52WH_Breakout,52-Week High Breakout,DIVISLAB,BUY,8378.0,8378.0,7996.62,9585.57,11539.56,8.0,62,80.1,ELITE,99.0,Healthcare,ACCUMULATION,3,CAUTION,OK,OPEN,,,,
2026-08-04,12:53,52WH_Breakout,52-Week High Breakout,SIEMENS,BUY,4000.5,4000.5,3846.03,4232.2,4383.05,2.5,67,66.8,STRONG,58.0,Capital Goods,ACCUMULATION,3,CAUTION,OK,OPEN,,,,
2026-08-04,12:53,Last30Min_ATH,Near 52W High (EOD),TITAN,BUY,4935.0,4935.0,4862.0,5543.83,6528.99,8.0,60,88.1,ELITE,78.0,Consumer Durables,ACCUMULATION,3,CAUTION,OK,OPEN,,,,
2026-08-04,12:53,Last30Min_ATH,Near 52W High (EOD),NAM-INDIA,BUY,1202.0,1202.0,1161.7,1262.45,1302.75,2.5,62,71.7,STRONG,68.0,Financial Services,ACCUMULATION,3,CAUTION,OK,OPEN,,,,
2026-08-04,12:53,Failed_Breakout_Short,Failed Breakout Short,MOTHERSON,SHORT,151.0,151.0,157.1,141.85,135.75,2.5,62,61.1,MODERATE,77.0,Automobile and Auto Components,ACCUMULATION,3,CAUTION,OK,STOPPED,2026-08-06,157.1,Stop Loss Hit,-4.04
2026-08-04,12:53,Failed_Breakout_Short,Failed Breakout Short,SUNDARMFIN,SHORT,4779.3,4779.3,5001.73,4445.66,4223.23,2.5,62,58.7,MODERATE,50.0,Financial Services,ACCUMULATION,3,CAUTION,OK,OPEN,,,,
2026-08-04,12:53,Failed_Breakout_Short,Failed Breakout Short,PIDILITIND,SHORT,1620.0,1620.0,1669.33,1546.0,1496.67,2.5,60,55.5,MODERATE,69.0,Chemicals,ACCUMULATION,3,CAUTION,OK,STOPPED,2026-08-06,1669.33,Stop Loss Hit,-3.05
2026-08-04,12:53,Failed_Breakout_Short,Failed Breakout Short,GRASIM,SHORT,3138.0,3138.0,3278.69,2926.96,2786.27,2.5,57,50.1,MODERATE,59.0,Construction Materials,ACCUMULATION,3,CAUTION,OK,STOPPED,2026-08-07,3278.69,Stop Loss Hit,-4.48
2026-08-04,12:53,Failed_Breakout_Short,Failed Breakout Short,GODREJCP,SHORT,1058.2,1058.2,1107.08,984.88,936.0,2.5,57,50.0,MODERATE,52.0,Fast Moving Consumer Goods,ACCUMULATION,3,CAUTION,OK,OPEN,,,,
2026-08-04,12:53,Failed_Breakout_Short,Failed Breakout Short,ACC,SHORT,1384.7,1384.7,1414.42,1340.12,1310.4,2.5,57,49.9,WEAK,48.0,Construction Materials,ACCUMULATION,3,CAUTION,OK,OPEN,,,,
2026-08-04,12:53,Failed_Breakout_Short,Failed Breakout Short,BRITANNIA,SHORT,5478.0,5478.0,5562.65,5351.02,5266.37,2.5,62,47.9,WEAK,49.0,Fast Moving Consumer Goods,ACCUMULATION,3,CAUTION,OK,STOPPED,2026-08-07,5562.65,Stop Loss Hit,-1.55
2026-08-04,12:53,Failed_Breakout_Short,Failed Breakout Short,MSUMI,SHORT,39.75,39.75,42.55,35.55,32.75,2.5,60,47.4,WEAK,37.0,Automobile and Auto Components,ACCUMULATION,3,CAUTION,OK,OPEN,,,,
2026-08-04,12:53,Failed_Breakout_Short,Failed Breakout Short,HAL,SHORT,4635.0,4635.0,4742.06,4474.41,4367.35,2.5,62,41.5,WEAK,41.0,Capital Goods,ACCUMULATION,3,CAUTION,OK,STOPPED,2026-08-06,4742.06,Stop Loss Hit,-2.31
2026-08-04,15:56,VCP,VCP (Minervini v2),APOLLOHOSP,BUY,9050.0,9050.0,8695.3,9813.54,11049.04,5.6,81,62.7,MODERATE,79.0,Healthcare,ACCUMULATION,3,IDEAL,OK,OPEN,,,,
2026-08-04,15:56,VCP,VCP (Minervini v2),BHARATFORG,BUY,2195.0,2232.5,2071.59,2486.14,2896.57,4.1,84,62.6,MODERATE,69.0,Automobile and Auto Components,ACCUMULATION,3,IDEAL,OK,STOPPED,2026-08-10,2071.59,Stop Loss Hit,-7.21
2026-08-04,15:56,VCP,VCP (Minervini v2),PTCIL,BUY,18099.0,18599.0,17263.25,20602.62,21938.37,2.5,89,61.5,MODERATE,63.0,Capital Goods,ACCUMULATION,3,IDEAL,OK,OPEN,,,,
2026-08-04,15:56,EMA21_Bounce,21 EMA Bounce,KIRLOSENG,BUY,2273.9,2273.9,2174.77,2434.85,2566.57,3.0,55,70.6,STRONG,100.0,Capital Goods,ACCUMULATION,3,CAUTION,OK,STOPPED,2026-08-07,2174.77,Stop Loss Hit,-4.36
2026-08-04,15:56,EMA21_Bounce,21 EMA Bounce,DEEPAKFERT,BUY,1599.1,1599.1,1548.11,1675.58,1726.57,2.5,65,69.9,STRONG,87.0,Chemicals,ACCUMULATION,3,CAUTION,OK,STOPPED,2026-08-06,1548.11,Stop Loss Hit,-3.19
2026-08-04,15:56,EMA21_Bounce,21 EMA Bounce,CARTRADE,BUY,2805.4,2805.4,2688.29,2981.07,3098.18,2.5,60,68.9,STRONG,100.0,Consumer Services,ACCUMULATION,3,CAUTION,OK,OPEN,,,,
2026-08-04,15:56,EMA21_Bounce,21 EMA Bounce,CAPLIPOINT,BUY,2571.9,2571.9,2503.93,2673.86,2675.0,1.5,55,68.2,STRONG,100.0,Healthcare,ACCUMULATION,3,CAUTION,OK,OPEN,,,,
2026-08-04,15:56,EMA21_Bounce,21 EMA Bounce,CASTROLIND,BUY,187.06,187.06,183.98,191.68,194.76,2.5,60,58.9,MODERATE,49.0,Oil Gas & Consumable Fuels,ACCUMULATION,3,CAUTION,OK,TARGET,2026-08-05,191.68,Target 1 Hit,2.47
2026-08-04,15:56,EMA21_Bounce,21 EMA Bounce,JINDALSAW,BUY,264.4,264.4,254.96,278.56,288.0,2.5,60,57.1,MODERATE,68.0,Capital Goods,ACCUMULATION,3,CAUTION,OK,TARGET,2026-08-10,278.56,Target 1 Hit,5.36
2026-08-04,15:56,EMA21_Bounce,21 EMA Bounce,ELGIEQUIP,BUY,591.2,591.2,567.81,626.29,649.68,2.5,65,56.5,MODERATE,59.0,Capital Goods,ACCUMULATION,3,CAUTION,OK,OPEN,,,,
2026-08-04,15:56,EMA21_Bounce,21 EMA Bounce,USHAMART,BUY,503.6,503.6,491.59,521.62,533.63,2.5,60,55.9,MODERATE,59.0,Capital Goods,ACCUMULATION,3,CAUTION,OK,TARGET,2026-08-05,521.62,Target 1 Hit,3.58
2026-08-04,15:56,EMA21_Bounce,21 EMA Bounce,NIVABUPA,BUY,87.31,87.31,85.14,90.56,92.73,2.5,60,54.7,MODERATE,66.0,Financial Services,ACCUMULATION,3,CAUTION,OK,STOPPED,2026-08-10,85.14,Stop Loss Hit,-2.49
2026-08-04,15:56,EMA21_Bounce,21 EMA Bounce,SOLARINDS,BUY,18700.0,18700.0,18171.12,19493.32,20022.2,2.5,60,54.0,MODERATE,83.0,Chemicals,ACCUMULATION,3,CAUTION,OK,STOPPED,2026-08-05,18171.12,Stop Loss Hit,-2.83
2026-08-04,15:56,EMA21_Bounce,21 EMA Bounce,VIJAYA,BUY,1385.1,1385.1,1319.85,1482.98,1548.23,2.5,60,53.9,MODERATE,77.0,Healthcare,ACCUMULATION,3,CAUTION,OK,OPEN,,,,
2026-08-04,15:56,EMA21_Bounce,21 EMA Bounce,CREDITACC,BUY,1557.6,1557.6,1503.94,1638.09,1691.75,2.5,55,53.4,MODERATE,57.0,Financial Services,ACCUMULATION,3,CAUTION,OK,OPEN,,,,
2026-08-04,15:56,EMA21_Bounce,21 EMA Bounce,DELHIVERY,BUY,482.0,482.0,462.27,511.6,531.33,2.5,55,53.0,MODERATE,49.0,Services,ACCUMULATION,3,CAUTION,OK,STOPPED,2026-08-10,462.27,Stop Loss Hit,-4.09
2026-08-04,15:56,52WH_Breakout,52-Week High Breakout,RAINBOW,BUY,1579.0,1579.0,1555.59,1778.65,2101.7,8.0,62,84.6,ELITE,93.0,Healthcare,ACCUMULATION,3,CAUTION,OK,STOPPED,2026-08-07,1555.59,Stop Loss Hit,-1.48
2026-08-04,15:56,52WH_Breakout,52-Week High Breakout,SAREGAMA,BUY,542.55,542.55,524.6,675.08,889.53,8.0,62,81.1,ELITE,100.0,Media Entertainment & Publication,ACCUMULATION,3,CAUTION,OK,STOPPED,2026-08-06,524.6,Stop Loss Hit,-3.31
2026-08-04,15:56,Last30Min_ATH,Near 52W High (EOD),RAINBOW,BUY,1579.0,1579.0,1535.0,1778.65,2101.7,8.0,64,89.0,ELITE,93.0,Healthcare,ACCUMULATION,3,CAUTION,OK,STOPPED,2026-08-07,1535.0,Stop Loss Hit,-2.79
2026-08-04,15:56,Last30Min_ATH,Near 52W High (EOD),BALRAMCHIN,BUY,658.7,658.7,636.75,691.63,750.5,4.2,64,85.8,ELITE,98.0,Fast Moving Consumer Goods,ACCUMULATION,3,CAUTION,OK,STOPPED,2026-08-05,636.75,Stop Loss Hit,-3.33
2026-08-04,15:56,Last30Min_ATH,Near 52W High (EOD),SAREGAMA,BUY,542.55,542.55,493.7,675.08,889.53,7.1,64,85.5,ELITE,100.0,Media Entertainment & Publication,ACCUMULATION,3,CAUTION,OK,OPEN,,,,
2026-08-04,15:56,Last30Min_ATH,Near 52W High (EOD),ASTERDM,BUY,834.7,834.7,815.1,910.96,1034.36,8.0,60,74.8,STRONG,73.0,Healthcare,ACCUMULATION,3,CAUTION,OK,STOPPED,2026-08-06,815.1,Stop Loss Hit,-2.35
2026-08-04,15:56,Failed_Breakout_Short,Failed Breakout Short,PAYTM,SHORT,1400.0,1400.0,1451.95,1322.07,1270.12,2.5,57,61.1,MODERATE,84.0,Financial Services,ACCUMULATION,3,CAUTION,OK,STOPPED,2026-08-06,1451.95,Stop Loss Hit,-3.71
2026-08-04,15:56,Failed_Breakout_Short,Failed Breakout Short,SBILIFE,SHORT,1899.0,1899.0,1927.35,1856.48,1828.13,2.5,57,57.2,MODERATE,51.0,Financial Services,ACCUMULATION,3,CAUTION,OK,TARGET,2026-08-07,1856.48,Target 1 Hit,2.24
2026-08-04,15:56,Failed_Breakout_Short,Failed Breakout Short,UBL,SHORT,1434.1,1434.1,1474.45,1373.57,1333.22,2.5,62,53.4,MODERATE,48.0,Fast Moving Consumer Goods,ACCUMULATION,3,CAUTION,OK,TARGET,2026-08-05,1373.57,Target 1 Hit,4.22
2026-08-04,15:56,Failed_Breakout_Short,Failed Breakout Short,BLUEJET,SHORT,582.05,582.05,655.14,472.41,399.32,2.5,57,50.4,MODERATE,85.0,Healthcare,ACCUMULATION,3,CAUTION,OK,OPEN,,,,
2026-08-04,15:56,Failed_Breakout_Short,Failed Breakout Short,SARDAEN,SHORT,509.4,509.4,542.13,460.3,427.57,2.5,57,42.5,WEAK,19.0,Metals & Mining,ACCUMULATION,3,CAUTION,OK,OPEN,,,,
